Monitor log by clivet at bedroom - hockey,Uptime
2022.05.24-21.47.52,AficioSG3110DN
2022.05.24-21.48.09,AficioSG3110DN
2022.05.24-21.48.25,AficioSG3110DN
2022.05.24-21.48.41,AficioSG3110DN
2022.05.24-21.48.58,AficioSG3110DN
2022.05.24-21.49.14,AficioSG3110DN
2022.05.24-21.49.31,AficioSG3110DN
2022.05.24-21.49.47,AficioSG3110DN
2022.05.24-21.50.11,----
2022.05.24-21.50.28,AficioSG3110DN
2022.05.24-21.50.44,AficioSG3110DN
2022.05.24-21.51.01,AficioSG3110DN
2022.05.24-21.51.17,AficioSG3110DN
2022.05.24-21.51.34,AficioSG3110DN
2022.05.24-21.51.50,AficioSG3110DN
2022.05.24-21.52.07,AficioSG3110DN
2022.05.24-21.52.23,AficioSG3110DN
2022.05.24-21.52.39,AficioSG3110DN
2022.05.24-21.52.56,AficioSG3110DN
2022.05.24-21.53.12,AficioSG3110DN
2022.05.24-21.53.29,AficioSG3110DN
2022.05.24-21.53.45,AficioSG3110DN
2022.05.24-21.54.02,AficioSG3110DN
2022.05.24-21.54.18,AficioSG3110DN
2022.05.24-21.54.34,AficioSG3110DN
2022.05.24-21.54.51,AficioSG3110DN
2022.05.24-21.55.07,AficioSG3110DN
2022.05.24-21.55.24,AficioSG3110DN
2022.05.24-21.55.40,AficioSG3110DN
2022.05.24-21.55.57,AficioSG3110DN
2022.05.24-21.56.13,AficioSG3110DN
2022.05.24-21.56.29,AficioSG3110DN
2022.05.24-21.56.46,AficioSG3110DN
2022.05.24-21.57.02,AficioSG3110DN
2022.05.24-21.57.19,AficioSG3110DN
2022.05.24-21.57.35,AficioSG3110DN
2022.05.24-21.57.51,AficioSG3110DN
2022.05.24-21.58.08,AficioSG3110DN
2022.05.24-21.58.24,AficioSG3110DN
2022.05.24-21.58.41,AficioSG3110DN
2022.05.24-21.58.57,AficioSG3110DN
2022.05.24-21.59.14,AficioSG3110DN
2022.05.24-21.59.30,AficioSG3110DN
2022.05.24-21.59.47,AficioSG3110DN
2022.05.24-22.00.03,AficioSG3110DN
2022.05.24-22.00.20,AficioSG3110DN
2022.05.24-22.00.36,AficioSG3110DN
2022.05.24-22.00.52,AficioSG3110DN
2022.05.24-22.01.09,AficioSG3110DN
2022.05.24-22.01.25,AficioSG3110DN
2022.05.24-22.01.42,AficioSG3110DN
2022.05.24-22.01.58,AficioSG3110DN
2022.05.24-22.02.15,AficioSG3110DN
2022.05.24-22.02.31,AficioSG3110DN
2022.05.24-22.02.48,AficioSG3110DN
2022.05.24-22.03.04,AficioSG3110DN
2022.05.24-22.03.20,AficioSG3110DN
2022.05.24-22.03.37,AficioSG3110DN
2022.05.24-22.03.53,AficioSG3110DN
2022.05.24-22.04.10,AficioSG3110DN
2022.05.24-22.04.26,AficioSG3110DN
2022.05.24-22.04.43,AficioSG3110DN
2022.05.24-22.04.59,AficioSG3110DN
2022.05.24-22.05.16,AficioSG3110DN
2022.05.24-22.05.32,AficioSG3110DN
2022.05.24-22.05.48,AficioSG3110DN
2022.05.24-22.06.05,AficioSG3110DN
2022.05.24-22.06.21,AficioSG3110DN
2022.05.24-22.06.38,AficioSG3110DN
2022.05.24-22.06.54,AficioSG3110DN
2022.05.24-22.07.11,AficioSG3110DN
2022.05.24-22.07.27,AficioSG3110DN
2022.05.24-22.07.44,AficioSG3110DN
2022.05.24-22.08.00,AficioSG3110DN
2022.05.24-22.08.17,AficioSG3110DN
2022.05.24-22.08.33,AficioSG3110DN
2022.05.24-22.08.49,AficioSG3110DN
2022.05.24-22.09.06,AficioSG3110DN
2022.05.24-22.09.22,AficioSG3110DN
2022.05.24-22.09.39,AficioSG3110DN
2022.05.24-22.09.55,AficioSG3110DN
2022.05.24-22.10.12,AficioSG3110DN
2022.05.24-22.10.28,AficioSG3110DN
2022.05.24-22.10.44,AficioSG3110DN
2022.05.24-22.11.01,AficioSG3110DN
2022.05.24-22.11.17,AficioSG3110DN
2022.05.24-22.11.34,AficioSG3110DN
2022.05.24-22.11.50,AficioSG3110DN
2022.05.24-22.12.07,AficioSG3110DN
2022.05.24-22.12.23,AficioSG3110DN
2022.05.24-22.12.40,AficioSG3110DN
2022.05.24-22.12.56,AficioSG3110DN
2022.05.24-22.13.13,AficioSG3110DN
2022.05.24-22.13.29,AficioSG3110DN
2022.05.24-22.13.45,AficioSG3110DN
2022.05.24-22.14.02,AficioSG3110DN
2022.05.24-22.14.18,AficioSG3110DN
2022.05.24-22.14.35,AficioSG3110DN
2022.05.24-22.14.51,AficioSG3110DN
2022.05.24-22.15.08,AficioSG3110DN
2022.05.24-22.15.24,AficioSG3110DN
2022.05.24-22.15.40,AficioSG3110DN
2022.05.24-22.15.57,AficioSG3110DN
2022.05.24-22.16.13,AficioSG3110DN
2022.05.24-22.16.30,AficioSG3110DN
2022.05.24-22.16.46,AficioSG3110DN
2022.05.24-22.17.03,AficioSG3110DN
2022.05.24-22.17.19,AficioSG3110DN
2022.05.24-22.17.36,AficioSG3110DN
2022.05.24-22.17.52,AficioSG3110DN
2022.05.24-22.18.08,AficioSG3110DN
2022.05.24-22.18.25,AficioSG3110DN
2022.05.24-22.18.41,AficioSG3110DN
2022.05.24-22.18.58,AficioSG3110DN
2022.05.24-22.19.14,AficioSG3110DN
2022.05.24-22.19.31,AficioSG3110DN
2022.05.24-22.19.47,AficioSG3110DN
2022.05.24-22.20.04,AficioSG3110DN
2022.05.24-22.20.20,AficioSG3110DN
2022.05.24-22.20.36,AficioSG3110DN
2022.05.24-22.20.53,AficioSG3110DN
2022.05.24-22.21.09,AficioSG3110DN
2022.05.24-22.21.26,AficioSG3110DN
2022.05.24-22.21.42,AficioSG3110DN
2022.05.24-22.21.59,AficioSG3110DN
2022.05.24-22.22.15,AficioSG3110DN
2022.05.24-22.22.31,AficioSG3110DN
2022.05.24-22.22.48,AficioSG3110DN
2022.05.24-22.23.04,AficioSG3110DN
2022.05.24-22.23.21,AficioSG3110DN
2022.05.24-22.23.37,AficioSG3110DN
2022.05.24-22.23.54,AficioSG3110DN
2022.05.24-22.24.10,AficioSG3110DN
2022.05.24-22.24.26,AficioSG3110DN
2022.05.24-22.24.43,AficioSG3110DN
2022.05.24-22.24.59,AficioSG3110DN
2022.05.24-22.25.16,AficioSG3110DN
2022.05.24-22.25.32,AficioSG3110DN
2022.05.24-22.25.49,AficioSG3110DN
2022.05.24-22.26.05,AficioSG3110DN
2022.05.24-22.26.22,AficioSG3110DN
2022.05.24-22.26.38,AficioSG3110DN
2022.05.24-22.26.54,AficioSG3110DN
2022.05.24-22.27.11,AficioSG3110DN
2022.05.24-22.27.27,AficioSG3110DN
2022.05.24-22.27.44,AficioSG3110DN
2022.05.24-22.28.00,AficioSG3110DN
2022.05.24-22.28.17,AficioSG3110DN
2022.05.24-22.28.33,AficioSG3110DN
2022.05.24-22.28.50,AficioSG3110DN
2022.05.24-22.29.06,AficioSG3110DN
2022.05.24-22.29.23,AficioSG3110DN
2022.05.24-22.29.39,AficioSG3110DN
2022.05.24-22.29.55,AficioSG3110DN
2022.05.24-22.30.12,AficioSG3110DN
2022.05.24-22.30.28,AficioSG3110DN
2022.05.24-22.30.45,AficioSG3110DN
2022.05.24-22.31.01,AficioSG3110DN
2022.05.24-22.31.18,AficioSG3110DN
2022.05.24-22.31.34,AficioSG3110DN
2022.05.24-22.31.50,AficioSG3110DN
2022.05.24-22.32.07,AficioSG3110DN
2022.05.24-22.32.23,AficioSG3110DN
2022.05.24-22.32.40,AficioSG3110DN
2022.05.24-22.32.56,AficioSG3110DN
2022.05.24-22.33.13,AficioSG3110DN
2022.05.24-22.33.29,AficioSG3110DN
2022.05.24-22.33.45,AficioSG3110DN
